id;nombre;numero_contacto;email;tipo_identificacion;numero_cc
1;Card;transform;MaraSoledad.Monroy@hotmail.com;CE;Surinam Japón Fantástico
2;card fritas;Mejorado Avanzado Región;Clara.Toro@yahoo.com;TI;transmit Guantes cross-platform
3;Especialista Violeta Queso;driver;Florencia_Montalvo@hotmail.com;CE;Rojo CSS tangible
4;indexing;navigate tangible;Claudio50@hotmail.com;TI;red
5;invoice;Negro East;Lola.Meza@hotmail.com;NIT;Pelota revolutionize
6;online;Pollo;AnaLuisa65@hotmail.com;CC;payment Chad Inversor
7;Metal synergize focus;Investment Atún Técnico;Vernica_Escobar1@gmail.com;TI;Chalet payment microchip
8;Ensalada Loan mobile;Seguridada Madera Loan;Octavio.Almonte@gmail.com;CC;Moda bypassing
9;evolve;HTTP Administrador;Martn.Quesada@yahoo.com;ROOT;optical Somali
10;invoice withdrawal Cambridgeshire;1080p;Teresa_Urea@yahoo.com;TI;Inversor
